<?xml version="1.0"?>
<Runs Version="1" Minor="0">
	<Run Id="prgrom_synth_1" LaunchDir="E:/file download/final/CPU1/CPU1.runs/prgrom_synth_1" FlowId="Vivado_Synthesis" FromStepId="vivado" ToStepId="vivado"/>
	<Run Id="synth_1" LaunchDir="E:/file download/final/CPU1/CPU1.runs/synth_1" FlowId="Vivado_Synthesis" FromStepId="vivado" ToStepId="vivado">
		<Parent Id="prgrom_synth_1"/>
	</Run>
	<Run Id="impl_1" LaunchDir="E:/file download/final/CPU1/CPU1.runs/impl_1" FlowId="Vivado_Implementation" FromStepId="init_design" ToStepId="write_bitstream">
		<Parent Id="synth_1"/>
		<Parent Id="prgrom_synth_1"/>
	</Run>
</Runs>

