<?xml version="1.0" encoding="UTF-8"?>
<GenRun Id="cpu_clk_synth_1" LaunchPart="xc7a35tcsg324-1" LaunchTime="1747968530">
  <File Type="PA-TCL" Name="cpu_clk.tcl"/>
  <File Type="RDS-PROPCONSTRS" Name="cpu_clk_drc_synth.rpt"/>
  <File Type="REPORTS-TCL" Name="cpu_clk_reports.tcl"/>
  <File Type="RDS-RDS" Name="cpu_clk.vds"/>
  <File Type="RDS-UTIL" Name="cpu_clk_utilization_synth.rpt"/>
  <File Type="RDS-UTIL-PB" Name="cpu_clk_utilization_synth.pb"/>
  <File Type="RDS-DCP" Name="cpu_clk.dcp"/>
  <File Type="VDS-TIMINGSUMMARY" Name="cpu_clk_timing_summary_synth.rpt"/>
  <File Type="VDS-TIMING-PB" Name="cpu_clk_timing_summary_synth.pb"/>
  <FileSet Name="sources" Type="BlockSrcs" RelSrcDir="$PSRCDIR/cpu_clk">
    <File Path="$PSRCDIR/sources_1/ip/cpu_clk/cpu_clk.xci">
      <FileInfo>
        <Attr Name="UsedIn" Val="synthesis"/>
        <Attr Name="UsedIn" Val="implementation"/>
        <Attr Name="UsedIn" Val="simulation"/>
      </FileInfo>
    </File>
    <Config>
      <Option Name="TopModule" Val="cpu_clk"/>
      <Option Name="UseBlackboxStub" Val="1"/>
    </Config>
  </FileSet>
  <FileSet Name="constrs_in" Type="BlockSrcs" RelSrcDir="$PSRCDIR/cpu_clk">
    <File Path="$PSRCDIR/sources_1/ip/cpu_clk/cpu_clk.xci">
      <FileInfo>
        <Attr Name="UsedIn" Val="synthesis"/>
        <Attr Name="UsedIn" Val="implementation"/>
        <Attr Name="UsedIn" Val="simulation"/>
      </FileInfo>
    </File>
    <Config>
      <Option Name="TopModule" Val="cpu_clk"/>
      <Option Name="UseBlackboxStub" Val="1"/>
    </Config>
  </FileSet>
  <Strategy Version="1" Minor="2">
    <StratHandle Name="Vivado Synthesis Defaults" Flow="Vivado Synthesis 2017">
      <Desc>Vivado Synthesis Defaults</Desc>
    </StratHandle>
    <Step Id="synth_design"/>
  </Strategy>
</GenRun>
